ID;FR;EN;;
Wade_DB_1;Bonjour Mr Atkins, je m'appelle Wade et je suis l'un des vendeur de la joaillerie Précieu.;Hello Mr. Atkins, my name is Wade and I'm one of the salesmen of the Precieu jewelry store;;
Wade_DB_2;En effet, je le connais bien. Il parait sympathique au premier abord mais c’est aussi quelqu’un d’assez intransigeant. Je me souviens d'une fois, j’avais mal ordonné les nouveaux colliers à exposer et Mr.Précieu m’a supprimé ma pause déjeuner.;Indeed, I know him well, he seems nice at first sight but he is also someone quite intransigent. Once I had misordered the new necklaces on display and Mr. Précieu took away my lunch break.;;
Wade_DB_3;Il avait lui aussi la vie dure et se faisait régulierement réprimander par Mr.Précieu malgrés son travail d’assez bonne qualité.;He had a hard life too and was regularly reprimanded by Mr.Precieu in spite of his quite good work.;;
Wade_DB_4;Pas de problème Mr.Atkins. N'hesitez pas à revenir me parler si vous avez besoin de plus d'explications;No problem Mr.Atkins, don't hesitate to come back and talk to me if you need more explanations;;
Eliza_DB_1;Vous ne me reconnaissez pas ? Moi ? Eliza la grande diva de l'opéra. Je suis déçu Mr.Atkins...mais qu'importe! Pour quelle raison venez vous m'importuner aujourd'hui ?;You didn't recognize me? Me ? Eliza the great diva of the opera. I'm disappointed Mr. Atkins...but nevermind that, why are you here pestering me today?;;
Eliza_DB_2;Une habitué ? Moi ? Je suis sans aucun doute leur meilleure cliente voyons! Le pauvre Mr.Précieu a bien besoin d’une clientèle fidèle.; A regular? Me? I am easily their best customer. Poor Mr. Précieu needs a loyal clientele.;;
Eliza_DB_3;Clairement je ne les connaissais pas assez bien...car voler ainsi Mr. Précieu est tout simplment inacceptable !! ;Clearly I didn't know them well enough...because stealing from senior citizens is simply unacceptable! ;;
Eliza_DB_4;Ces bandits s'infiltrent au sein de notre société et s'attaquent aux plus faibles. Ils n’expriment des remords seulement lorsqu'ils se font prendre. Ça me débecte!;These criminals infiltrate our society and prey on the weakest, and only show remorse when they are caught.;;
Eliza_DB_5;Il a simplement été tenté par l'appât du gain. Il a essayé de voler quelques colliers cette fois mais si ça se trouve bientôt il s'attaquera à nos banques.;He was simply tempted by the lure of money. He tried to steal some necklaces this time but if it turns out that he will soon attack our banks. ;;
Eliza_DB_6;Le pauvre Mr.Précieu est innocent, il ne faissait que se défendre de ce malfrat qui mérite d’être derrière les barreaux.;Poor Mr. Precieu is innocent, he was only defending himself from this thug who deserves to be behind bars. ;;
Eliza_DB_7;Moi je vous répète qu'il n'y a pas plus gentil et innocent que ce brave Gérard Précieu. Au lieu de vous acharner sur ce pauvre monsieur, demandez vous plutôt combien d'autres personnes ce petit voyou d'Howell a-t-il volé ?; I reiterate that there is no nicer and more innocent than this brave Gérard Précieu. Instead of lashing out at this poor man, you should consider asking yourself how many more persons did this crook Howell steal from?;;
Emma_DB_1;Bonjour Mr Atkins, je m'appelle Emma, je suis une amie de Ryker.;Hi Mr. Atkins, my name is Emma, I'm a friend of Ryker's.;;
Emma_DB_2;Et bien je connais Ryker depuis toujours. C'est un très grand ami. C'est pour cela que j'ai du mal à croire qu'il a essayé de voler un petit vieux à priori sans défense.;Well, I've known Ryker all my life and he's a great friend. That's why I find it so hard to believe that he tried to rob a defenseless old man.;;
Emma_DB_3; Je sais bien que cela fait plusieurs années qu'il a des problèmes d'alcoolisme et qu'il a tout perdu à cause de cela.;I know that he's been struggling with alcoholism for many years and that he lost everything because of it.;;
Emma_DB_4;Très honnêtement je ne sais pas ce qu'il comptait faire avec. Je sais juste qu'il avait grandement besoin d'argent.;I honestly don't know what he was going to do with it, I just know that he was in desperate need of money.;;
Emma_DB_5;Parfois lorsqu'il était bourré, il lui arrivait d'hurler qu’il était prisonnier de ce travail. Qu'il se faisait constamment maltraiter par son employeur et que personne d’autre ne voulait de lui car il n’avait pas fait d'étude. ;I know that when he was drunk he would scream about being trapped in this job where he was constantly being abused by his employer because no one else wanted him since he never went to school;;
Emma_DB_6; Mais j'ai l'impression que le vol était une tentative désespérée non préméditée.;But I feel like the robbery was a desperate, unpremeditated attempt.;;
Ryker_DB_1;Mr Atkins, j'ai honte de mes actes je n'aurais jamais dû voler ces colliers...; Mr. Atkins, I am ashamed of my actions, I should have never stolen those necklaces...;;
Ryker_DB_2;Je n'avais pas d'autre choix ! Ma mère est récemment tombée malade, j'avais besoin d'argent pour la soigner. Je savais que c'était mal mais c'était ma seule solution.... J'aurai dû trouver un autre moyen.;I had no other choice! My mother had recently fallen ill and I needed money to treat her. I knew it was wrong, but it was the only solution I could see....I should have found another way.;;
Ryker_DB_3;Je suis prêt à répondre à d'autres de vos questions si vous en avez...mais je suis aussi prêt à accepter les conséquences de mes actes.;I am willing to answer more of your questions if you have any...but I am also willing to accept my punishment for my actions.;;
Prcieu_DB_1;Mais bien sûr mon cher Mr Atkins. En quoi puis-je vous aider ?;Why of course, my dear Mr. Atkins. How can I help you?;;
Prcieu_DB_2;Ah, ce jeune malfrat. Il est comme tous les jeunes de nos jours. Je lui ai offert un travail quand il n'avait rien et c'est ainsi qu'il me remercie! EN ME VOLANT ? Mais où va le monde ?;Ah, that young rascal, like all youngsters these days. I offered him a job when he had nothing and how does he thank me? BY STEALING FROM ME? What is the world coming to?;;
Prcieu_DB_3;Bien sûr ! Ces bandits sont prêts à tout ! Sans ma Thompson j'aurais pu y passer.;Of course!! These bandits are desperate!! Without my Thomson I could have been killed.;;
Prcieu_DB_4;Mais ma mémoire me joue des tours et je ne me rappelle pas de ce qui s'est passé après... Ce doit être la vieillesse;After this it must be my brain playing tricks on me since I don't remember what happened next...just that I woke up with the windows of my store shattered and lying in the middle of 2 injured bodies.;;
Prcieu_DB_5;C'est le vide absolu, comme si un brouillard planait sur ma mémoire. Par contre je reste à votre disposition si vous avez d'autres questions.;"It's an absolute void, as if a fog was hanging over my memory. However, I remain at your disposal if you have any other questions.
";;
Det_DWADE_1;Bonjour, je me présente je suis le détective Keith Atkins. A qui ai-je l'honneur ?;Hello, I'm Detective Keith Atkins. To whom do I have the pleasure of speaking ?;;
Det_DWADE_2;Enchanté. Etant donné que vous êtes l'un de ses employés vous devez bien connaître Mr. Gérard Précieu?;Pleased to meet you, since you are one of his employees you must know Mr. Gerard Précieu well, right? ;;
Det_DWADE_3;Ah bon ? Je n'imaginais pas Mr.Précieu comme ça. Comment se comportait-il avec Mr.Ryker Howell ? ;Really? I didn't imagine Mr.Précieu was like that. How did he behave with Mr.Ryker Howell? ;;
Det_DWADE_4;Je vois, merci beaucoup pour votre témoignage.;I see, thank you very much for your testimony.;;
Det_DELIZA_1;Bonjour, détective Keith Atkins. A qui ai-je l'honneur ?;Hello, Detective Keith Atkins here. To whom do I have the pleasure of speaking ?;;
Det_DELIZA_2;J'ai ouïe dire que vous étiez une habituée de la bijouterie Précieu… et j'ai...;I heard that you were a regular at the Précieu jewelry store... and I...;;
Det_DELIZA_3; Certes..vous devez donc bien connaître tout le personnel de la boutique, étant donné que vous vous y rendez fréquemment. Pouvez vous m'en dire plus sur eux ?; Sure..you must know all of the staff in the store pretty well since you go there frequently. Can you tell me more about them ?;;
Det_DELIZA_4;Je comprends votre point de vue, mais ne croyez vous pas qu'il aurait eu une motivation plus profonde pour effectuer ce vol ?;I understand your point of view, but don't you think he would have had a motive for this robbery?;;
Det_DELIZA_5; Mademoiselle Eliza, je doute quand même fortement que Mr.Précieu soit entièrement innocent dans cette affaire. Il a tout de même ouvert le feu et blessé des passants.;Miss Eliza, I still strongly doubt that Mr.Précieu is entirely innocent in this case.;;
Det_DEMMA_1;Bonjour, ici le détective Keith Atkins. A qui ai-je l'honneur ?;Hello, Detective Keith Atkins, here. To whom do I have the pleasure of speaking ?;;
Det_DEMMA_2;Ah, vous connaissez donc bien Ryker. Pouvez vous m'en dire plus sur lui ?;Ah, so you know Ryker well. Can you tell me more about him?;;
Det_DEMMA_3;Je vois. Savez vous ce qu'il aurait fait avec l'argent obtenu grace à la revente des colliers ?;I see. Do you know what he would have done with the money obtained from selling the necklaces?;;
Det_DEMMA_4;Parlait-il souvent de son travail ? Croyez-vous qu'il ai planifié ce vol depuis longtemps ?;Did he often talk about his work ? Do you think he had been planning this robbery for a long time ?;;
Det_DEMMA_5;Merci beaucoup pour votre témoignage.;Thank you very much for your testimony.;;
Det_DRYKER_1;Mr Howell je présume ? je suis le détective Keith Atkins et j'aurai quelque question à vous poser.;Mr. Howell I presume ? I'm Detective Keith Atkins and I have some questions for you.;;
Det_DRYKER_2;Pourquoi les avez-vous donc volé ?;So, why did you steal them?;;
Det_DRYKER_3;Je vois, merci de votre témoignage.;I see, thank you for your testimony.;;
Det_DPRCEU1;Mr.Précieu, c'est encore moi, puis-je emprunter quelques minutes de votre temps ?;Hello again Mr. Precieu, may I borrow a few minutes of your time?;;
Det_DPRCEU2;Pouvez-vous me parler un peu de votre employé, Mr. Ryker Howell ?;Can you tell me a little bit more about your employee Mr. Ryker Howell?;;
Det_DPRCEU3;J'ai aussi ouïe dire que vous vous êtes défendu avec une Thompson. Une telle réaction était-elle vraiment nécessaire ?;I also heard that you defended yourself with a Thompson. Was such a countermeasure really necessary?;;
Det_DPRCEU4;Vous ne vous souvenez vraiment de rien ? C'est assez étrange tout de même, cela à dû être un événement marquant pourtant ?;You really don't remember anything? It's quite strange, it must have been a significant event though?;;
Wade_DMN_1;Ah c’est l’équipement de nettoyage de Ryker. Il a vu des meilleurs jours je vous l’accorde. C’est probablement ce qu’il a utilisé pour briser la vitrine où étaient exposés les colliers.;"Ah this is Ryker's cleaning equipment, it has seen better days I must admit. This is probably what he used to break the display case in which the necklaces were displayed.
";;
Wade_DMN_2;J'apercevais parfois Ryker taper sa raclette contre le mur de la joaillerie. Je croyais que c’était son moyen de se défouler….mais peut être cherchait-il à tester la solidité de son outil.;I sometimes saw Ryker banging his scraper against the walls of the jewelry store. I thought it was his way of letting off steam....but maybe he was just testing the durability of his scrap;;
Wade_DMN_3;Il est passer à l'acte pendant la sieste de Mr.Précieu, le jour où il était chargé de nettoyer les vitrines. Certaines des alarmes étaient donc désactivées.;He struck during Mr. Précieu's nap, the day he was in charge of cleaning the windows, so some alarms were deactivated.;;
Wade_DMN_4;Il avait aussi testé la durabilité de son arme avant de passer à l’acte. J’ai l’impression que ce vol n’est pas dû au hasard…je pense qu’il prévoyait son coup. Mais peut être que tout ça n’est qu’une coïncidence.;"He had also probably tested the durability of his weapon before he did it. I have the impression that this robbery is not due to chance... I think he was planning it, but maybe it's all just a coincidence.
";;
Wade_DEDT_1;Qu'y a-t-il Mr.Atkins ?;What's up Mr. Atkins?;;
Wade_DEDT_2;Et bien, rien de bien passionnant. Nous travaillons dès 9h du matin et terminons vers 19h ou 20h. Mr Précieu nous accorde des pauses déjeuner d’une trentaine de minutes, s’il est de bonne humeur.;Well, nothing very exciting, we work from 9am and finish around 7 or 8pm. Mr. Précieu gives us lunch breaks of about thirty minutes, if he's in a good mood.;;
Wade_DEDT_3;Ah quoi bon? Pour la plupart, ce travail est la seule chose qu'ils connaissent. Nous sommes très peu à avoir fait des études ici. Nous ne pouvons donc nous permettre d'énerver le patron, sous risque de perdre notre seule source de revenu. ;Ah what's the point Mr? For most of us, this job is the only thing we know. Very few of us are educated here and we can't afford to upset our boss at the risk of losing our only source of income. ;;
Wade_DEDT_4;Car c’est le moment où Mr.Précieu fait sa sieste journalière, nous avons interdiction de le déranger. Maintenant que j’y pense, le vol a eu lieu plus ou moins à ce moment là.;Because this is the time when Mr.Précieu takes his daily nap, we are not allowed to disturb him. Now that I think about it, the robbery took place more or less at that time.;;
Wade_DEDT_5;Tout le plaisir et pour moi Mr.Atkins.;My pleasure Mr. Atkins.;;
Ryker_DPH_1;C’est ma fille, la prunelle de mes yeux.;She's my daughter, the apple of my eye.;;
Ryker_DPH_2;Eh bien je……;Well I......;;
Ryker_DPH_3;En effet détective… je regrette de vous avoir menti. Mais je ne pouvais pas faire autrement. Si les autorités l'apprenaient, je ne pourrais plus jamais la voir.;No Detective.... I'm sorry I lied to you, but I couldn't think of any other way. Otherwise they would take her away and I would never be able to see her again.;;
Ryker_DPH_4; Je parle de ma fille. Elle est sans papiers. C’est elle qui est réellement malade, ma mère est morte depuis peu.;I'm talking about my daughter. She is the one who is actually sick, my mother died recently. However my daughter is undocumented, if anyone found out, they would take her away.;;
Ryker_DPH_5;Tout ce que j’ai fait jusque là , c'est pour ma famille, pour ma fille... et personne d’autre !;Everything I've done so far is for my daughter, for my family and no one else!;;
Ryker_DPH_6;En attendant mon jugement, je reste disponible pour répondre à vos questions si vous en avez encore.;While waiting for my judgment, I remain available to answer your questions if you still have some.;;
Ryker_DFTA_1;Ah, Mr.Atkins, vous avez retrouvé mes vieilles factures…;Ah, Mr. Atkins, you found my old bills...;;
Ryker_DFTA_2;Oui…j’ai effectué ce vol pour un grand nombre de raisons et ceci était l’une d’entre elles.;Yes...I carried out this robbery for many reasons and this was one of them.;;
Ryker_DFTA_3;Ces derniers mois ont été très difficiles pour moi. J'ai sombré dans l’alcool et ai développé une addiction. Toutes mes économies y sont passées.;The last few months have been very difficult for me, and so I turned to alcohol. I developed an addiction, and all my savings went into it.;;
Ryker_DFTA_4;Le décès de mon père. Sa mort m'a bouleversé. Le fait que je n’arrivais pas à trouver un travail n’a vraiment pas aidé mon moral. Mais je vous promets, cela va faire un mois que je n’ai pas touché à cette saloperie.;My father's death. His death devastated me, and the fact that I couldn't find a job really didn't help my morale. But I can assure you, I haven't touched this crap for about a month.;;
Ryker_DFTA_5;Oui j’ai juré à ma femme que je ne toucherai plus une goutte d’alcool et je compte honorer cette promesse.;Yes, I swore to my wife that I would never touch another drop of alcohol and I intend to honor that promise.;;
Ryker_DFTA_6;En attendant mon jugement, je reste disponible pour répondre à vos questions si vous en avez encore.;While I am waiting for my judgment, I am available to answer your questions if you still have any.;;
Prcieu_DFP_1;Où l'avez vous trouvé ? Il appartenait à ma défunte femme. Elle était passionnée par le spiritisme.;Where did you find it? It's a notebook that belonged to my late wife. She was fascinated by spiritualism.;;
Prcieu_DFP_2;Je l’aidais dans ses séances au début mais je n’ai jamais réussi à la dissuader de continuer. Je lui avais pourtant dit que ces séances étaient dangereuses surtout dans son état.; I helped her in her sessions at the beginning but I never succeeded in dissuading her from continuing. I told her that these sessions were dangerous, especially in her condition.;;
Prcieu_DFP_3;Elle souffrait de la tuberculose. Elle était persuadée qu’elle réussirait à invoquer un esprit qui la soignerait…;She was suffering from tuberculosis and she was convinced that she would succeed in summoning a spirit that would cure her...;;
Prcieu_DFP_4;Je n’en suis pas si sûr. Je ne suis pas quelqu’un de superstitieux mais parfois j’entend des voix pendant mon sommeil, comme si quelqu’un m'appelait.;I'm not so sure. I'm not a superstitious person, but sometimes I hear voices in my sleep, as if someone is calling me.;;
Prcieu_DFP_5;Parfois j’entend des bruits étranges venant de cette chambre, comme si quelqu’un habitait cet endroit.;Sometimes I hear strange noises coming from this room, like someone is living here.;;
Prcieu_DJMP_1; Les salaires sont généralement plus élevés mais ma bijouterie est de moins en moins fréquentée depuis quelques mois.;The salaries are generally higher but my jewelry store has become less and less popular in the last few months. ;;
Prcieu_DJMP_2;J’essaye d’apporter de l’innovation dans mes créations pour faire revenir les clients. Mais tout cela me coûte assez cher…;I try to bring innovation in my creations to make customers come back but all of it is quite expensive...;;
Prcieu_DJMP_3;Pas du tout. Ce sont des anges, tellement dédiés à leurs travail qu'ils ne rechignent devant aucune de mes demandes. Après ce n’est pas comme s’ils avaient nulle part d'autre où aller.;Not at all. They are angels, so dedicated to their work that they don't balk at any of my requests. After all it's not as if they had anywhere else to go.;;
Prcieu_DJMP_4;Et bien voyons, je les ai tous recueillis quand ils étaient au bord du gouffre. Personne ne voulait d’eux. Sans moi, ils ne pourraient même pas avoir un toit ni même de la nourriture.;Well, you see, I took all of them in when the were on the verge of bankruptcy, no one wanted them. Without me, they wouldn't even have a roof over their heads or even food.;;
Prcieu_DJMP_5;Dites ce que vous voulez détectives mais c’est une relation qui est mutuellement bénéfique. J’ai une main d'œuvre fiable et efficace pour peu cher et ils ont un minimum d’argent pour vivre.;Say what you want detective but this is a mutually beneficial relationship. I get reliable, efficient labor for little money and they get a minimum of money to live on.;;
Prcieu_DJMP_6;Et ils pourriront en prison s'ils essaiennt de me trahir.  Des pouilleux comme eux courent les rue, je n'aurais aucun mal à les remplacer;And the law will take care of them I hope just like you are doing right now Mr. Atkins because honestly you can't put me in jail for a crime I don't remember commiting These employees are easily replaceable.;;
Prcieu_DJMP_7;Et bien je ne vous retiendrais pas plus longtemps alors. Si vous possédez d’autres questions je serais ravi d’y répondre.;Well, I won't keep you any longer then. If you have any other questions I'd be happy to answer them.;;
Det_DMN_1;J’ai trouvé cette raclette près d’une des vitrines du magasin, savez vous pourquoi elle est dans cet état ?; I found this scraper near one of the display cases, do you know why it's in this condition?;;
Det_DMN_2;Je remarque aussi la présence d’un grand nombre de petites entailles dessus, savez vous d'où elles viennent ?;I also notice a lot of small nicks on it, do you know where they came from?;;
Det_DMN_3;Vous croyez que son vol aurait été prémédité ?;"Do you think the robbery was premeditated?
";;
Det_DMN_4;Je vois, merci pour votre témoignage.;I see, thank you for your testimony.;;
Det_DEBT_1;Mr.Wade j’aurais quelque question à vous posez vis à vis de vos heures de travail.;Mr.Wade I have a question for you about your working hours.;;
Det_DEBT_2; Pouvez vous m’expliquez comment ce passe une journée banale au sein de la joaillerie.;Can you explain to me how a normal day at the jewelry store goes?;;
Det_DEBT_3;Cela semble excessif, aucun employé ne doit avoir à travailler autant d’heure d'affilée sans même la garantie d’une pause pour déjeuner. Les employées ne se sont jamais plaint ?;This seems excessive, no employee should have to work so many hours in a row without even the guarantee of a lunch break. Have the employees never complained.;;
Det_DEBT_4;Je comprends. Pouvez vous aussi me dire pourquoi il est marqué qu’il est impératif d’être silencieux entre 15h et 16h ?;I understand. Can you also tell me why it says that it's imperative to be quiet between 3 and 4 pm?;;
Det_DEBT_5;Je vois. Merci pour votre aide précieuse, je reviendrai vers vous si j’ai besoin de plus d’explication;I see. Thank you for your precious help, I will come back to you if I need more explanation.;;
Det_DPH_1;Mr Howell pouvez-vous m'indiquer  qui est la personne sur cette photo retrouvée à l’intérieur de la joaillerie ? ;Mr. Howell, care to explain who the person in this picture, that was found inside the jewelry store, is ?;;
Det_DPH_2;Ah je ne savais pas que vous aviez une fille. Pouvez vous m’expliquer ce qui est écrit au dos ?;Ah, I didn't know you had a daughter. Can you explain to me what is written on the back?;;
Det_DPH_3;Alors on à perdu sa langue ? Je sens que vous n’avez pas été très honnête avec moi Mr.Howell. Votre mère est-elle réellement malade ?;Have you lost your tongue? I feel that you haven't been very honest with me Mr.Howell. Is your mother really sick?;;
Det_DPH_4;De quoi parlez-vous ?;What are you talking about?;;
Det_DPH_5;Calmez-vous Monsieur. Je ne suis pas venu prendre votre fille. Je veux juste savoir les raisons qui vous ont poussé à voler ces colliers et à me mentir.;"Calm down, sir. I didn't come to take your daughter, I just want to know the reasons that motivated you to steal those necklaces and lie to me.
";;
Det_DPH_6;Je comprends, merci pour votre témoignage.;I understand, thank you for your testimony.;;
Det_DFTA_1;Mr Howell j’aurais quelque question à vous poser par rapport à ces documents.;Mr. Howell, I have a few questions to ask you about these documents.;;
Det_DFTA_2;Est ce que votre vol aurait été motivé par cette liste de factures non payées qui devait sûrement grandir de jours en jours ?;Was your robbery motivated by this list of unpaid bills that must have been growing by the day?;;
Det_DFTA_3;Et pourquoi ces factures empestent-elles l’alcool ?;And why do these bills reek of alcohol?;;
Det_DFTA_4;Puis-je savoir ce qui a déclenché votre addiction ?;May I ask what triggered your addiction?;;
Det_DFTA_5;Je vois, vous pouvez ainsi certifier que vous étiez complètement sobre lors du vol.; I see, so you can attest that you were completely sober during the robbery.;;
Det_DFTA_6; Merci de votre témoignage.;Thank you for your testimony.;;
Det_DFP_1;J’ai trouvé ce carnet dans une de vos chambres. Mr.Précieu pouvez m’expliquez ce qu’il fait là ?;I found this notebook in one of your rooms. Mr.Précieu can you explain to me what it is doing there?;;
Det_DFP_2;En effet, c’est ce que j’ai pu comprendre en observant la salle ou je l’ai trouvé.;Indeed, that's what I could understand by observing the room where I found it.;;
Det_DFP_3;Dans son état ?; In her condition?;;
Det_DFP_4;Je constate que c’était un échec…;I see that it was a failure...;;
Det_DFP_5;Je vois, merci pour votre témoignage.;I see, thank you for your testimony.;;
Det_DJMP_1;Mr Précieu, j’aurais quelques questions concernant la fiche de paie de vos employés. Pourquoi les salaires sont-ils si bas ?;Mr. Précieu, I have a few questions about your employees' paychecks. Why are the salaries so low?;;
Det_DJMP_2;Vos employés ne se plaignent pas de la baisse drastique de leurs salaires ?;Don't your employees complain about the drastic decrease in their salaries?;;
Det_DJMP_3;C’est à dire ?;What do you mean?;;
Det_DJMP_4;Mais comment pouvez-vous cautionner cela ? Je vous croyais être un homme droit et honnête, pas quelqu’un qui abuse de sa position pour maltraiter ses employés.;But how can you approve of this? I thought you were an upright and honest man, not someone who would abuse his position in order to mistreat his employees.;;
Det_DJMP_5;Très honnêtement je doute de la fiabilité de vos employés…Mr Howell a tout de même essayé de vous voler dès que vous aviez le dos tourné. Un jour d'autres employés vous trahiront aussi si vous continuez sur cette lancée.;Quite honestly I doubt the reliability of your employees...Mr. Howell did try to steal from you when your back was turned. One day other employees will betray you too if you continue on this path.;;
Det_DJMP_6;Faites attention Mr.Précieu, vous jouez à un jeu dangereux.;I wouldn't be so sure, my investigation is not over yet.;;
;;;;
;;;;
;;;;
;;;;
;;;;
;;;;
;;;;
;;;;
;;;;
;;;;
;;;;
;;;;
;;;;
;;;;
;;;;
;;;;
;;;;
;;;;
;;;;
;;;;
;;;;
;;;;
;;;;
;;;;
;;;;
;;;;
;;;;
;;;;
;;;;
;;;;
;;;;
;;;;
;;;;
;;;;
;;;;
;;;;
;;;;
;;;;
;;;;
;;;;
;;;;
;;;;
;;;;
;;;;
;;;;
;;;;
;;;;
;;;;
;;;;
;;;;
;;;;
;;;;
;;;;
;;;;
;;;;
;;;;
;;;;
;;;;
;;;;
;;;;
;;;;
;;;;
;;;;
;;;;
;;;;
;;;;
;;;;
;;;;
;;;;
;;;;
;;;;
;;;;
;;;;
;;;;
;;;;
;;;;
;;;;
;;;;
;;;;
;;;;
;;;;
;;;;
;;;;
;;;;
;;;;
;;;;
;;;;
;;;;
;;;;
;;;;
;;;;
;;;;
;;;;
;;;;
;;;;
;;;;
;;;;
;;;;
;;;;
;;;;
;;;;
;;;;
;;;;
;;;;
;;;;
;;;;
;;;;
;;;;
;;;;
;;;;
;;;;
;;;;
;;;;
;;;;
;;;;
;;;;
;;;;
;;;;
;;;;
;;;;
;;;;
;;;;
;;;;
;;;;
;;;;
;;;;
;;;;
;;;;
;;;;
;;;;
;;;;
;;;;
;;;;
;;;;
;;;;
;;;;
;;;;
;;;;
;;;;
;;;;
;;;;
;;;;
;;;;
;;;;
;;;;
;;;;
;;;;
;;;;
;;;;
;;;;
;;;;
;;;;
;;;;
;;;;
;;;;
;;;;
;;;;
;;;;
;;;;
;;;;
;;;;
;;;;
;;;;
;;;;
;;;;
;;;;
;;;;
;;;;
;;;;
;;;;
;;;;
;;;;
;;;;
;;;;
;;;;
;;;;
;;;;
;;;;
;;;;
;;;;
;;;;
;;;;
;;;;
;;;;
;;;;
;;;;
;;;;
;;;;
;;;;
;;;;
;;;;
;;;;
;;;;
;;;;
;;;;
;;;;
;;;;
;;;;
;;;;
;;;;
;;;;
;;;;
;;;;
;;;;
;;;;
;;;;
;;;;
;;;;
;;;;
;;;;
;;;;
;;;;
;;;;
;;;;
;;;;
;;;;
;;;;
;;;;
;;;;
;;;;
;;;;
;;;;
;;;;
;;;;
;;;;
;;;;
;;;;
;;;;
;;;;
;;;;
;;;;
;;;;
;;;;
;;;;
;;;;
;;;;
;;;;
;;;;
;;;;
;;;;
;;;;
;;;;
;;;;
;;;;
;;;;
;;;;
;;;;
;;;;
;;;;
;;;;
;;;;
;;;;
;;;;
;;;;
;;;;
;;;;
;;;;
;;;;
;;;;
;;;;
;;;;
;;;;
;;;;
;;;;
;;;;
;;;;
;;;;
;;;;
;;;;
;;;;
;;;;
;;;;
;;;;
;;;;
;;;;
;;;;
;;;;
;;;;
;;;;
;;;;
;;;;
;;;;
;;;;
;;;;
;;;;
;;;;
;;;;
;;;;
;;;;
;;;;
;;;;
;;;;
;;;;
;;;;
;;;;
;;;;
;;;;
;;;;
;;;;
;;;;
;;;;
;;;;
;;;;
;;;;
;;;;
;;;;
;;;;
;;;;
;;;;
;;;;
;;;;
;;;;
;;;;
;;;;
;;;;
;;;;
;;;;
;;;;
;;;;
;;;;
;;;;
;;;;
;;;;
;;;;
;;;;
;;;;
;;;;
;;;;
;;;;
;;;;
;;;;
;;;;
;;;;
;;;;
;;;;
;;;;
;;;;
;;;;
;;;;
;;;;
;;;;
;;;;
;;;;
;;;;
;;;;
;;;;
;;;;
;;;;
;;;;
;;;;
;;;;
;;;;
;;;;
;;;;
;;;;
;;;;
;;;;
;;;;
;;;;
;;;;
;;;;
;;;;
;;;;
;;;;
;;;;
;;;;
;;;;
;;;;
;;;;
;;;;
;;;;
;;;;
;;;;
;;;;
;;;;
;;;;
;;;;
;;;;
;;;;
;;;;
;;;;
;;;;
;;;;
;;;;
;;;;
;;;;
;;;;
;;;;
;;;;
;;;;
;;;;
;;;;
;;;;
;;;;
;;;;
;;;;
;;;;
;;;;
;;;;
;;;;
;;;;
;;;;
;;;;
;;;;
;;;;
;;;;
;;;;
;;;;
;;;;
;;;;
;;;;
;;;;
;;;;
;;;;
;;;;
;;;;
;;;;
;;;;
;;;;
;;;;
;;;;
;;;;
;;;;
;;;;
;;;;
;;;;
;;;;
;;;;
;;;;
;;;;
;;;;
;;;;
;;;;
;;;;
;;;;
;;;;
;;;;
;;;;
;;;;
;;;;
;;;;
;;;;
;;;;
;;;;
;;;;
;;;;
;;;;
;;;;
;;;;
;;;;
;;;;
;;;;
;;;;
;;;;
;;;;
;;;;
;;;;
;;;;
;;;;
;;;;
;;;;
;;;;
;;;;
;;;;
;;;;
;;;;
;;;;
;;;;
;;;;
;;;;
;;;;
;;;;
;;;;
;;;;
;;;;
;;;;
;;;;
;;;;
;;;;
;;;;
;;;;
;;;;
;;;;
;;;;
;;;;
;;;;
;;;;
;;;;
;;;;
;;;;
;;;;
;;;;
;;;;
;;;;
;;;;
;;;;
;;;;
;;;;
;;;;
;;;;
;;;;
;;;;
;;;;
;;;;
;;;;
;;;;
;;;;
;;;;
;;;;
;;;;
;;;;
;;;;
;;;;
;;;;
;;;;
;;;;
;;;;
;;;;
;;;;
;;;;
;;;;
;;;;
;;;;
;;;;
;;;;
;;;;
;;;;
;;;;
;;;;
;;;;
;;;;
;;;;
;;;;
;;;;
;;;;
;;;;
;;;;
;;;;
;;;;
;;;;
;;;;
;;;;
;;;;
;;;;
;;;;
;;;;
;;;;
;;;;
;;;;
;;;;
;;;;
;;;;
;;;;
;;;;
;;;;
;;;;
;;;;
;;;;
;;;;
;;;;
;;;;
;;;;
;;;;
;;;;
;;;;
;;;;
;;;;
;;;;
;;;;
;;;;
;;;;
;;;;
;;;;
;;;;
;;;;
;;;;
;;;;
;;;;
;;;;
;;;;
;;;;
;;;;
;;;;
;;;;
;;;;
;;;;
;;;;
;;;;
;;;;
;;;;
;;;;
;;;;
;;;;
;;;;
;;;;
;;;;
;;;;
;;;;
;;;;
;;;;
;;;;
;;;;
;;;;
;;;;
;;;;
;;;;
;;;;
;;;;
;;;;
;;;;
;;;;
;;;;
;;;;
;;;;
;;;;
;;;;
;;;;
;;;;
;;;;
;;;;
;;;;
;;;;
;;;;
;;;;
;;;;
;;;;
;;;;
;;;;
;;;;
;;;;
;;;;
;;;;
;;;;
;;;;
;;;;
;;;;
;;;;
;;;;
;;;;
;;;;
;;;;
;;;;
;;;;
;;;;
;;;;
;;;;
;;;;
;;;;
;;;;
;;;;
;;;;
;;;;
;;;;
;;;;
;;;;
;;;;
;;;;
;;;;
;;;;
;;;;
;;;;
;;;;
;;;;
;;;;
;;;;
;;;;
;;;;
;;;;
;;;;
;;;;
;;;;
;;;;
;;;;
;;;;
;;;;
;;;;
;;;;
;;;;
;;;;
;;;;
;;;;
;;;;
;;;;
;;;;
;;;;
;;;;
;;;;
;;;;
;;;;
;;;;
;;;;
;;;;
;;;;
;;;;
;;;;
;;;;
;;;;
;;;;
;;;;
;;;;
;;;;
;;;;
;;;;
;;;;
;;;;
;;;;
;;;;
;;;;
;;;;
;;;;
;;;;
;;;;
;;;;
;;;;
;;;;
;;;;
;;;;
;;;;
;;;;
;;;;
;;;;
;;;;
;;;;
;;;;
;;;;
;;;;
;;;;
;;;;
;;;;
;;;;
;;;;
;;;;
;;;;
;;;;
;;;;
;;;;
;;;;
;;;;
;;;;
;;;;
;;;;
;;;;
;;;;
;;;;
;;;;
;;;;
;;;;
;;;;
;;;;
;;;;
;;;;
;;;;
;;;;
;;;;
;;;;
;;;;
;;;;
;;;;
;;;;
;;;;
;;;;
;;;;
;;;;
;;;;
;;;;
;;;;
;;;;
;;;;
;;;;
;;;;
;;;;
;;;;
;;;;
;;;;
;;;;
;;;;
;;;;
;;;;
;;;;
;;;;
;;;;
;;;;
;;;;
;;;;
;;;;
;;;;
;;;;
;;;;
;;;;
;;;;
;;;;
;;;;
;;;;
;;;;
;;;;
;;;;
;;;;
;;;;
;;;;
;;;;
;;;;
;;;;
;;;;
;;;;
;;;;
;;;;
;;;;
;;;;
;;;;
;;;;
;;;;
;;;;
;;;;
;;;;
;;;;
;;;;
;;;;
;;;;
;;;;
;;;;
;;;;
;;;;
;;;;
;;;;
;;;;
;;;;
;;;;
;;;;
;;;;
;;;;
;;;;
;;;;
;;;;
;;;;
;;;;
;;;;
;;;;
;;;;
;;;;
;;;;
;;;;
;;;;
;;;;
;;;;
;;;;
;;;;
;;;;
;;;;
;;;;
;;;;
;;;;
;;;;
;;;;
;;;;
;;;;
;;;;
;;;;
;;;;
;;;;
;;;;
;;;;
;;;;
;;;;
;;;;
;;;;
;;;;
;;;;
;;;;
;;;;
;;;;
;;;;
;;;;
;;;;
;;;;
;;;;
;;;;
;;;;
;;;;
;;;;
;;;;
;;;;
;;;;
;;;;
;;;;
;;;;
;;;;
;;;;
;;;;
;;;;
;;;;
;;;;
;;;;
;;;;
;;;;
;;;;
;;;;
;;;;
;;;;
;;;;
;;;;
;;;;
;;;;
;;;;
;;;;
;;;;
;;;;
;;;;
;;;;
;;;;
;;;;
;;;;
;;;;
;;;;
;;;;
;;;;
;;;;
;;;;
;;;;
;;;;
;;;;
;;;;
;;;;
;;;;
;;;;
;;;;
;;;;
;;;;
;;;;
;;;;
;;;;
;;;;
;;;;
;;;;
;;;;
;;;;
;;;;
;;;;
;;;;
;;;;
